0,51.509,-0.16102,-0.011442,0.047952,-0.026929
0.5,51.509,-0.16103,0.12486,-0.012818,-0.066381
1,51.509,-0.16103,0.26552,0.0070755,0.013368
1.5,51.509,-0.16103,0.49188,-0.0024349,0.0072933
2,51.509,-0.16103,0.7815,0.00038652,-0.0096713
2.5,51.509,-0.16103,0.93876,0.015323,0.0091886
3,51.509,-0.16103,1.2876,0.0099515,0.005743
3.5,51.509,-0.16103,1.197,-0.0038332,0.018037
4,51.509,-0.16103,1.3681,-0.035358,-0.059045
4.5,51.509,-0.16103,1.1161,0.0088418,-0.008292
5,51.509,-0.16102,1.3521,0.0016211,-0.0044808
5.5,51.509,-0.16102,1.1342,-0.013603,0.011328
6,51.509,-0.16102,1.3737,0.0067322,-0.031388
6.5,51.509,-0.16102,1.1459,0.053506,0.04858
7,51.509,-0.16102,1.3467,-0.018395,-0.012577
7.5,51.509,-0.16102,1.2113,0.023833,0.024324
8,51.509,-0.16102,1.3074,-0.01752,-0.040942
8.5,51.509,-0.16102,1.175,-0.0045915,-0.048189
9,51.509,-0.16102,1.3437,0.012368,-0.030346
9.5,51.509,-0.16102,1.2135,0.087584,0.1235
10,51.509,-0.16102,1.3021,0.023171,0.058314
10.5,51.509,-0.16102,1.2099,0.013901,0.024834
11,51.509,-0.16102,1.2752,-0.0021657,0.026245
11.5,51.509,-0.16102,1.3039,0.02288,-0.0022041
12,51.509,-0.16102,1.2088,-0.0097606,-0.0027743
12.5,51.509,-0.16102,1.3025,-0.0062564,0.0070468
13,51.509,-0.16102,1.1695,-0.018826,-0.021198
13.5,51.509,-0.16102,1.3126,0.0060191,-0.033273
14,51.509,-0.16102,1.1528,0.0026887,-0.026336
14.5,51.509,-0.16102,1.3456,-0.0062327,0.023913
15,51.509,-0.16102,1.1515,-0.061043,-0.053856
15.5,51.509,-0.16102,1.3437,-0.03018,-0.089169
16,51.509,-0.16102,1.1004,-0.0066028,-0.046313
16.5,51.509,-0.16102,1.3606,0.013277,-0.001923
17,51.509,-0.16102,1.0661,-0.013751,-0.029837
17.5,51.509,-0.16102,1.412,-0.0033594,-0.042818
18,51.509,-0.16102,1.0885,0.00073279,-0.030275
18.5,51.509,-0.16102,1.4048,0.0026943,-0.013998
19,51.509,-0.16102,1.0488,-0.0065095,-0.026151
19.5,51.509,-0.16102,1.4469,0.038001,0.045257
20,51.509,-0.16102,1.0738,0.0044558,0.017267
20.5,51.509,-0.16102,1.3728,0.0011465,-0.0071627
21,51.509,-0.16102,1.1319,0.0048834,-0.023792
21.5,51.509,-0.16102,1.353,0.038816,0.068997
22,51.509,-0.16102,1.0987,-0.047465,-0.02497
22.5,51.51,-0.16102,1.3847,-0.025963,-0.04136
23,51.51,-0.16102,1.1215,-0.0048325,0.030525
23.5,51.51,-0.16102,1.335,0.019659,0.020793
24,51.51,-0.16102,1.1479,-0.017247,-0.049856
24.5,51.51,-0.16102,1.309,0.0092322,0.0011712
25,51.51,-0.16102,1.1664,-0.0032507,0.021812
25.5,51.51,-0.16102,1.3416,-0.039246,-0.0084285
26,51.51,-0.16102,1.1568,-0.014429,-0.0031438
26.5,51.51,-0.16102,1.3114,-0.038157,-0.071053
27,51.51,-0.16102,1.2255,-0.008915,-0.018034
27.5,51.51,-0.16102,1.2225,-0.0047682,0.062474
28,51.51,-0.16102,1.2898,-0.061624,-0.01041
28.5,51.51,-0.16102,1.1968,-0.027076,0.0090864
29,51.51,-0.16102,1.2867,-0.080834,-0.073657
29.5,51.51,-0.16102,1.1766,-0.02303,-0.044183
30,51.51,-0.16102,1.2916,-0.023606,-0.052043
30.5,51.51,-0.16102,1.2428,0.0025394,-0.018639
31,51.51,-0.16102,1.2784,-0.0016454,0.027832
31.5,51.51,-0.16102,1.195,-0.0045875,-0.0077012
32,51.51,-0.16102,1.2874,-0.0027315,0.057112
32.5,51.51,-0.16102,1.0118,-0.031675,-0.021144
33,51.51,-0.16102,0.75572,-0.036668,-0.075674
33.5,51.51,-0.16102,0.51661,-0.0089689,-0.033564
34,51.51,-0.16102,0.23227,-0.0031447,0.018123
34.5,51.51,-0.16102,0.17725,0.074139,0.27675
35,51.51,-0.16102,0.2487,0.1117,0.50586
35.5,51.51,-0.16102,0.17519,0.18983,0.77899
36,51.51,-0.16102,0.13245,0.20097,1.0696
36.5,51.51,-0.16102,0.046333,0.22739,1.3446
37,51.51,-0.16102,0.039855,0.2499,1.553
37.5,51.51,-0.16101,-0.07288,0.17592,1.8414
38,51.51,-0.16101,-0.094205,0.31187,2.038
38.5,51.51,-0.16101,-0.17234,0.10867,2.242
39,51.51,-0.16101,-0.18669,0.18546,2.5281
39.5,51.51,-0.16101,-0.26421,0.011288,2.9014
40,51.51,-0.16101,-0.19729,0.064317,3.124
40.5,51.51,-0.16101,-0.55886,-0.025174,3.1279
41,51.51,-0.16101,-0.73245,0.043058,3.1195
41.5,51.51,-0.16101,-1.0346,-0.066974,3.25
42,51.51,-0.16101,-1.2415,0.048284,3.1908
42.5,51.51,-0.16101,-1.2951,0.0053876,3.0734
43,51.51,-0.16101,-1.2629,0.069697,3.0976
43.5,51.51,-0.16101,-1.2328,-0.077431,3.1821
44,51.51,-0.16101,-1.2494,0.042113,3.1209
44.5,51.51,-0.16101,-1.1976,-0.059919,3.167
45,51.51,-0.16101,-1.2737,0.084048,3.0986
45.5,51.51,-0.16101,-1.2028,-0.071024,3.158
46,51.51,-0.16101,-1.3083,0.041201,3.1717
46.5,51.51,-0.16101,-1.168,-0.064849,3.1229
47,51.51,-0.16101,-1.2948,0.033407,3.0841
47.5,51.51,-0.16101,-1.1902,-0.080211,3.1096
48,51.51,-0.16101,-1.2742,0.011999,3.1236
48.5,51.51,-0.16101,-1.2557,-0.076578,3.1923
49,51.51,-0.16101,-1.2418,0.021586,3.1772
49.5,51.51,-0.16101,-1.2252,0.013856,3.0621
50,51.51,-0.16101,-1.3059,0.014976,3.2007
50.5,51.51,-0.16101,-1.2003,-0.0088965,3.0892
51,51.51,-0.16101,-1.3305,0.068842,3.0601
51.5,51.51,-0.16101,-1.2025,-0.065009,3.1526
52,51.51,-0.16101,-1.2437,0.04037,3.2031
52.5,51.509,-0.16101,-1.2692,-0.0083183,3.0864
53,51.509,-0.16101,-1.2307,0.02254,3.1738
53.5,51.509,-0.16101,-1.2439,-0.066407,3.2144
54,51.509,-0.16101,-1.3075,0.046375,3.1802
54.5,51.509,-0.16101,-1.2092,-0.047967,3.1652
55,51.509,-0.16101,-1.3217,0.075185,3.0789
55.5,51.509,-0.16101,-1.2014,-0.035674,3.1258
56,51.509,-0.16101,-1.2935,0.052367,3.0968
56.5,51.509,-0.16101,-1.2203,-0.032733,3.1004
57,51.509,-0.16101,-1.2387,0.042724,3.1244
57.5,51.509,-0.16101,-1.2719,-0.033114,3.1644
58,51.509,-0.16101,-1.212,0.15065,3.0205
58.5,51.509,-0.16101,-1.282,-0.01697,3.0774
59,51.509,-0.16101,-1.2591,0.03214,3.1483
59.5,51.509,-0.16101,-1.2922,-0.013572,3.0824
60,51.509,-0.16101,-1.1977,0.043178,3.1599
60.5,51.509,-0.16101,-1.343,-0.048479,3.1352
61,51.509,-0.16101,-1.1895,0.03649,3.0872
61.5,51.509,-0.16101,-1.2598,-0.10211,3.1633
62,51.509,-0.16101,-1.2552,0.015462,3.1492
62.5,51.509,-0.16101,-1.2749,-0.048739,3.1249
63,51.509,-0.16101,-1.243,-0.025954,3.2413
63.5,51.509,-0.16101,-1.2649,-0.03764,3.1626
64,51.509,-0.16101,-1.2422,0.0073048,3.1889
64.5,51.509,-0.16101,-1.2338,-0.066428,3.187
65,51.509,-0.16101,-1.2893,0.048333,3.1534
65.5,51.509,-0.16101,-1.2109,-0.00012215,3.1302
66,51.509,-0.16101,-1.2666,0.093492,3.131
66.5,51.509,-0.16101,-1.2554,-0.019417,3.1274
67,51.509,-0.16101,-1.2486,0.050254,3.1297
67.5,51.509,-0.16101,-1.2181,-0.030839,3.0788
68,51.509,-0.16101,-1.2823,0.022003,3.1646
68.5,51.509,-0.16101,-1.1479,-0.048174,3.1493
69,51.509,-0.16101,-1.3349,0.060395,3.087
69.5,51.509,-0.16101,-1.1412,-0.065311,3.1596
70,51.509,-0.16101,-1.4012,0.046561,3.1481
70.5,51.509,-0.16101,-1.1043,-0.030419,3.1142
71,51.509,-0.16101,-1.4166,0.063196,3.0876
71.5,51.509,-0.16101,-0.92399,-0.093358,3.1928
72,51.509,-0.16101,-0.82642,0.068905,3.1101
72.5,51.509,-0.16101,-0.42775,-0.032733,3.0663
73,51.509,-0.16101,-0.32065,0.048121,3.1125
73.5,51.509,-0.16101,-0.12763,0.034871,2.8558
74,51.509,-0.16101,-0.27846,0.17343,2.5809
74.5,51.509,-0.16101,-0.056726,0.091518,2.3556
75,51.509,-0.16101,-0.2286,0.31826,2.0742
75.5,51.509,-0.161,0.057719,0.21059,1.7774
76,51.509,-0.161,-0.073067,0.27712,1.5588
76.5,51.509,-0.161,0.17696,0.23387,1.3309
77,51.509,-0.161,0.058492,0.24347,1.0625
77.5,51.509,-0.161,0.26974,0.15258,0.76564
78,51.509,-0.161,0.13095,0.1669,0.49549
78.5,51.509,-0.16099,0.3181,0.04399,0.2776
79,51.509,-0.16099,0.077489,0.0047671,0.032804
79.5,51.509,-0.16099,0.5897,-0.014202,0.020554
80,51.509,-0.16099,0.59839,-0.0022243,-0.021855
80.5,51.509,-0.16099,1.131,-0.015687,-0.025679
81,51.509,-0.16099,1.1377,-0.010667,0.006176
81.5,51.509,-0.16099,1.4158,-0.035619,0.00010286
82,51.509,-0.16099,1.1737,-0.004193,0.020855
82.5,51.509,-0.16099,1.3704,-0.035947,0.0043218
83,51.509,-0.16099,1.1735,-0.022018,-0.062362
83.5,51.509,-0.16099,1.3211,-0.0040646,-0.020843
84,51.509,-0.161,1.144,-0.0045265,0.036498
84.5,51.509,-0.161,1.4091,-0.045749,0.0035292
85,51.509,-0.161,1.1518,0.0068079,0.0090512
85.5,51.509,-0.161,1.3496,-0.0096441,-0.024536
86,51.509,-0.161,1.1317,0.04126,-0.0054212
86.5,51.509,-0.161,1.3516,0.021904,0.048863
87,51.509,-0.16099,1.1062,-0.024301,-0.066017
87.5,51.509,-0.161,1.3668,-0.051131,-0.02086
88,51.509,-0.161,1.1636,-0.0082202,0.037184
88.5,51.509,-0.161,1.3422,-0.046005,0.033736
89,51.509,-0.161,1.1491,-0.024672,-0.018099
89.5,51.509,-0.161,1.381,-0.038395,-0.0091186
90,51.509,-0.161,1.1109,0.037059,0.03388
90.5,51.509,-0.161,1.3732,-0.021865,0.027282
91,51.509,-0.161,1.1251,-0.014345,-0.045559
91.5,51.509,-0.161,1.3517,-0.032328,-0.0085342
92,51.509,-0.161,1.087,-0.0072353,-0.046824
92.5,51.509,-0.161,1.4092,-0.031916,-0.0043882
93,51.509,-0.161,1.0623,-0.014093,-0.031774
93.5,51.509,-0.161,1.4617,-0.0072059,-0.0012983
94,51.509,-0.161,1.067,0.057721,0.070445
94.5,51.509,-0.161,1.44,-0.016026,0.018709
95,51.509,-0.161,1.0353,0.048843,0.018737
95.5,51.509,-0.161,1.4687,-0.038166,-0.045356
96,51.509,-0.161,1.0069,0.0041042,-0.023652
96.5,51.509,-0.161,1.4789,0.0089298,0.0096552
97,51.509,-0.161,1.0244,0.062538,0.063619
97.5,51.509,-0.161,1.4825,-0.0096439,0.038299
98,51.509,-0.161,1.0373,0.030735,0.02994
98.5,51.509,-0.161,1.4611,0.0061806,0.025882
99,51.509,-0.161,1.0629,0.064564,0.03603
99.5,51.509,-0.161,1.4182,0.024071,0.003321
100,51.51,-0.161,1.0837,0.0013589,-0.034684
100.5,51.51,-0.161,1.3796,0.0096344,0.012084
101,51.51,-0.161,1.153,-0.0053821,-0.0033635
101.5,51.51,-0.161,1.2797,-0.0075017,0.021957
102,51.51,-0.161,1.1595,0.02633,0.028183
102.5,51.51,-0.161,1.4144,-0.04977,-0.051009
103,51.51,-0.161,1.1248,0.064641,0.016984
103.5,51.51,-0.16099,1.3521,-0.047539,-0.053292
104,51.51,-0.161,1.1905,-0.010366,-0.033653
104.5,51.51,-0.161,1.3084,-0.048067,-0.046286
105,51.51,-0.161,1.1913,-0.0039312,-0.0066251
105.5,51.51,-0.161,1.3241,-0.053666,-0.034906
106,51.51,-0.161,1.2222,0.0061219,-0.020636
106.5,51.51,-0.161,1.3351,-0.02095,-0.026684
107,51.51,-0.161,1.1817,0.031676,0.021482
107.5,51.51,-0.161,1.3155,-0.026078,-0.04979
108,51.51,-0.161,1.1708,0.018696,-0.030749
108.5,51.51,-0.161,1.4092,-0.045132,-0.078819
109,51.51,-0.161,1.1532,0.0018164,-0.067946
109.5,51.51,-0.161,1.3945,-0.008341,-0.0074051
110,51.51,-0.161,1.084,-0.010887,-0.00021426
110.5,51.51,-0.161,1.2639,-0.039671,0.0061208
111,51.51,-0.161,0.58584,-0.010048,-0.034287
111.5,51.51,-0.161,0.71501,-0.03517,-0.093881
112,51.51,-0.161,0.01945,0.01842,-0.040335
112.5,51.51,-0.161,0.40352,0.044847,0.21795
113,51.51,-0.161,-0.078377,0.14273,0.51886
113.5,51.51,-0.16099,0.40928,0.19497,0.8142
114,51.51,-0.16099,-0.13637,0.19825,1.1393
114.5,51.51,-0.16099,0.38221,0.30286,1.2882
115,51.51,-0.16099,-0.30465,0.18915,1.5826
115.5,51.51,-0.16099,0.25011,0.28235,1.8156
116,51.51,-0.16099,-0.42458,0.13661,2.066
116.5,51.51,-0.16099,0.12532,0.24578,2.3344
117,51.51,-0.16098,-0.52888,0.082186,2.6229
117.5,51.51,-0.16098,0.088415,0.11166,2.845
118,51.51,-0.16098,-0.63808,-0.013597,3.1467
118.5,51.51,-0.16098,-0.059563,0.036493,3.1293
119,51.51,-0.16098,-1.1585,0.001096,3.098
119.5,51.51,-0.16098,-0.57895,0.079754,3.0734
120,51.51,-0.16098,-1.6949,-0.0032226,3.1181
120.5,51.51,-0.16098,-0.8062,0.017547,3.1358
121,51.51,-0.16098,-1.7507,-0.030422,3.1335
121.5,51.51,-0.16098,-0.76552,0.036384,3.1597
122,51.51,-0.16098,-1.7292,0.0026902,3.133
122.5,51.51,-0.16098,-0.76108,0.02767,3.1495
123,51.51,-0.16098,-1.7382,-0.056698,3.1844
123.5,51.51,-0.16098,-0.76313,0.013473,3.1353
124,51.51,-0.16098,-1.72,-0.056021,3.1982
124.5,51.51,-0.16098,-0.77372,-0.0033804,3.1575
125,51.51,-0.16098,-1.7129,-0.066792,3.1643
125.5,51.51,-0.16098,-0.76991,-0.010688,3.1931
126,51.51,-0.16098,-1.7332,-0.003726,3.1259
126.5,51.51,-0.16098,-0.78271,0.08226,3.0276
127,51.51,-0.16098,-1.7146,-0.031488,3.11
127.5,51.51,-0.16098,-0.74156,0.045258,3.0614
128,51.51,-0.16098,-1.7114,-0.052018,3.1618
128.5,51.51,-0.16098,-0.69918,0.058277,3.1025
129,51.51,-0.16098,-1.7886,-0.010175,3.1211
129.5,51.51,-0.16098,-0.67669,-0.013506,3.1808
130,51.51,-0.16098,-1.8119,-0.032853,3.1618
130.5,51.51,-0.16098,-0.69951,0.012234,3.1466
131,51.509,-0.16098,-1.8455,-0.033585,3.1463
131.5,51.509,-0.16098,-0.6245,-0.014892,3.1957
132,51.509,-0.16098,-1.9001,-0.029278,3.1781
132.5,51.509,-0.16098,-0.56643,0.043871,3.1644
133,51.509,-0.16098,-1.9572,0.010859,3.1472
133.5,51.509,-0.16098,-0.51767,0.067936,3.15
134,51.509,-0.16098,-1.9825,0.039886,3.1258
134.5,51.509,-0.16098,-0.4865,0.08619,3.0726
135,51.509,-0.16098,-1.9708,-0.012303,3.1432
135.5,51.509,-0.16098,-0.48964,0.0060587,3.1738
136,51.509,-0.16098,-1.9831,-0.019678,3.1463
136.5,51.509,-0.16098,-0.49597,0.04921,3.1103
137,51.509,-0.16098,-2.0446,-0.014184,3.1559
137.5,51.509,-0.16098,-0.468,0.053208,3.1085
138,51.509,-0.16098,-1.989,-0.01712,3.1356
138.5,51.509,-0.16098,-0.50791,0.047486,3.1283
139,51.509,-0.16098,-1.9861,-0.0043857,3.1565
139.5,51.509,-0.16098,-0.49181,0.059761,3.108
140,51.509,-0.16098,-2.0225,0.0011577,3.1337
140.5,51.509,-0.16098,-0.47814,0.030228,3.178
141,51.509,-0.16098,-2.0587,0.02919,3.0947
141.5,51.509,-0.16098,-0.4387,0.013099,3.1209
142,51.509,-0.16098,-2.0154,-0.019803,3.0839
142.5,51.509,-0.16098,-0.47126,0.025512,3.1199
143,51.509,-0.16098,-2.1007,-0.044998,3.1649
143.5,51.509,-0.16098,-0.38684,-0.0095688,3.2084
144,51.509,-0.16098,-2.0695,-0.013744,3.1572
144.5,51.509,-0.16098,-0.43803,0.047948,3.0999
145,51.509,-0.16098,-2.0489,0.0047351,3.0985
145.5,51.509,-0.16098,-0.4966,0.014124,3.1337
146,51.509,-0.16098,-2.043,-0.01862,3.1798
146.5,51.509,-0.16098,-0.4751,0.017319,3.1648
147,51.509,-0.16098,-1.993,-0.0032353,3.1507
147.5,51.509,-0.16098,-0.51033,0.035703,3.1612
148,51.509,-0.16098,-2.0017,0.0091471,3.1542
148.5,51.509,-0.16098,-0.53836,0.050764,3.122
149,51.509,-0.16098,-1.9721,-0.0079348,3.1445
149.5,51.509,-0.16098,-0.35306,0.031393,3.1531
150,51.509,-0.16098,-1.4591,-0.010127,3.1365
150.5,51.509,-0.16098,0.20486,0.011832,3.1254
151,51.509,-0.16098,-0.95764,-0.056439,3.1141
151.5,51.509,-0.16098,0.4901,0.06477,2.8914
152,51.509,-0.16098,-0.89039,0.11665,2.6424
152.5,51.509,-0.16098,0.54901,0.18224,2.4226
153,51.509,-0.16098,-0.81918,0.18498,2.1752
153.5,51.509,-0.16098,0.65438,0.24005,1.8269
154,51.509,-0.16097,-0.72166,0.23806,1.5694
154.5,51.509,-0.16097,0.78254,0.25089,1.2773
155,51.509,-0.16097,-0.58635,0.22716,1.0814
155.5,51.509,-0.16097,0.87544,0.1364,0.75693
156,51.509,-0.16097,-0.44877,0.18377,0.58425
156.5,51.509,-0.16097,0.91721,0.0083989,0.28938
157,51.509,-0.16097,-0.48049,0.031366,-0.033863
157.5,51.509,-0.16097,1.201,-0.050297,0.023149
158,51.509,-0.16097,-0.010243,0.015799,0.016462
158.5,51.509,-0.16097,1.8028,-0.078613,-0.042122
159,51.509,-0.16097,0.44326,0.026634,0.0058274
159.5,51.509,-0.16097,2.0734,-0.033492,0.02391
160,51.509,-0.16097,0.46512,0.016379,0.017541
160.5,51.509,-0.16097,2.0993,-0.061127,-0.04947
161,51.509,-0.16097,0.42923,0.05461,-0.0070678
161.5,51.509,-0.16097,2.06,-0.02086,-0.016473
162,51.509,-0.16097,0.4493,0.075367,0.047598
162.5,51.509,-0.16097,2.0359,-0.028913,0.014102
163,51.509,-0.16097,0.50198,0.02287,0.0025373
163.5,51.509,-0.16097,2.0525,-0.023587,0.01661
164,51.509,-0.16097,0.4598,0.022051,-0.00359
164.5,51.509,-0.16097,2.0695,-0.014226,0.077935
165,51.509,-0.16097,0.44974,0.030726,0.054859
165.5,51.509,-0.16097,2.0662,-0.033778,0.052308
166,51.509,-0.16097,0.46728,0.040301,0.011464
166.5,51.509,-0.16097,2.0959,-0.038801,0.011198
167,51.509,-0.16097,0.40241,0.045329,-0.013942
167.5,51.509,-0.16097,2.0772,-0.015374,0.038218
168,51.509,-0.16097,0.40855,0.052779,0.052009
168.5,51.509,-0.16097,2.0671,-0.051149,0.022745
169,51.509,-0.16097,0.45951,0.0021058,-0.010606
169.5,51.509,-0.16097,2.0834,-0.041356,0.022034
170,51.509,-0.16097,0.40877,0.0077567,-0.044584
170.5,51.509,-0.16097,2.0663,-0.047946,-0.027876
171,51.509,-0.16097,0.43591,0.038724,-0.0032328
171.5,51.509,-0.16097,1.9889,-0.043867,-0.00028319
172,51.509,-0.16097,0.47146,0.032086,0.010192
172.5,51.509,-0.16097,2.018,-0.030045,0.027465
173,51.509,-0.16097,0.46968,0.05249,0.0010263
173.5,51.509,-0.16097,2.0181,-0.012929,0.059156
174,51.509,-0.16097,0.50003,0.037604,0.0070824
174.5,51.509,-0.16097,2.0093,-0.02384,0.0026947
175,51.509,-0.16097,0.52575,0.022102,-0.01493
175.5,51.509,-0.16097,1.9503,-0.041375,0.0028453
176,51.509,-0.16097,0.59481,0.065358,0.0067002
176.5,51.509,-0.16097,1.9054,-0.04028,-0.0023161
177,51.509,-0.16097,0.64617,0.055361,0.033071
177.5,51.51,-0.16097,1.8414,-0.011963,0.0066035
178,51.51,-0.16097,0.69185,0.03858,-0.06699
178.5,51.51,-0.16097,1.8108,-0.016122,-0.053006
179,51.51,-0.16097,0.68288,0.080535,-0.022827
179.5,51.51,-0.16097,1.7918,-0.0029067,0.00089123
180,51.51,-0.16097,0.66032,0.046368,0.016601
180.5,51.51,-0.16097,1.8149,-0.028558,0.0061774
181,51.51,-0.16097,0.66134,0.047139,0.021233
181.5,51.51,-0.16097,1.8444,-0.045387,0.016676
182,51.51,-0.16097,0.68195,0.021168,-0.0026364
182.5,51.51,-0.16097,1.7681,-0.044761,0.014438
183,51.51,-0.16097,0.72522,0.038569,-0.020522
183.5,51.51,-0.16097,1.7929,-0.048622,-0.064417
184,51.51,-0.16097,0.69145,0.044927,-0.014712
184.5,51.51,-0.16097,1.7622,-0.020898,0.0079366
185,51.51,-0.16097,0.72169,0.025986,0.021151
185.5,51.51,-0.16097,1.8085,-0.093998,-0.040331
186,51.51,-0.16097,0.72773,0.013234,-0.031697
186.5,51.51,-0.16097,1.7625,-0.043468,-0.031851
187,51.51,-0.16097,0.72067,0.015875,-0.039967
187.5,51.51,-0.16097,1.7221,-0.038267,-0.019095
188,51.51,-0.16097,0.81783,0.043329,0.013006
188.5,51.51,-0.16097,1.4747,-0.025857,0.044893
189,51.51,-0.16097,0.35907,0.036431,0.042847
189.5,51.51,-0.16097,0.91992,-0.038867,0.074089
190,51.51,-0.16097,-0.20813,-7.1692e-05,0.063481
190.5,51.51,-0.16097,0.65816,0.016994,0.25772
191,51.51,-0.16097,-0.27514,0.13322,0.56389
191.5,51.51,-0.16097,0.67445,0.16993,0.73128
192,51.51,-0.16096,-0.36093,0.23744,1.1247
192.5,51.51,-0.16096,0.58905,0.23463,1.3201
193,51.51,-0.16096,-0.47481,0.21678,1.635
193.5,51.51,-0.16096,0.45308,0.24658,1.8159
194,51.51,-0.16096,-0.62761,0.19254,2.0343
194.5,51.51,-0.16096,0.29836,0.22995,2.3019
195,51.51,-0.16095,-0.642,0.049652,2.58
195.5,51.51,-0.16095,0.18725,0.19298,2.8166
196,51.51,-0.16095,-0.67103,-0.078233,3.0718
196.5,51.51,-0.16095,-0.087041,0.10199,3.1047
197,51.51,-0.16095,-1.1938,-0.090594,3.1785
197.5,51.51,-0.16095,-0.53778,0.088588,3.1805
198,51.51,-0.16095,-1.7358,-0.086258,3.163
198.5,51.51,-0.16095,-0.82124,0.12806,3.1078
199,51.51,-0.16095,-1.7223,-0.13174,3.2103
199.5,51.51,-0.16095,-0.79057,0.10086,3.1016
200,51.51,-0.16095,-1.6556,-0.099694,3.1565
200.5,51.51,-0.16095,-0.84123,0.093359,3.1276
201,51.51,-0.16095,-1.7276,-0.064231,3.0986
201.5,51.51,-0.16095,-0.78731,0.090715,3.1755
202,51.51,-0.16095,-1.7227,-0.065809,3.1537
202.5,51.51,-0.16095,-0.81147,0.12082,3.1378
203,51.51,-0.16095,-1.679,-0.08458,3.1457
203.5,51.51,-0.16095,-0.84318,0.097261,3.1484
204,51.51,-0.16095,-1.6721,-0.080662,3.1815
204.5,51.51,-0.16095,-0.83001,0.13259,3.1269
205,51.51,-0.16095,-1.6801,-0.074519,3.1561
205.5,51.51,-0.16095,-0.78508,0.11259,3.1205
206,51.51,-0.16095,-1.7115,-0.097496,3.1397
206.5,51.51,-0.16095,-0.75639,0.063455,3.1671
207,51.51,-0.16095,-1.7509,-0.1284,3.2049
207.5,51.51,-0.16095,-0.73298,0.088886,3.1275
208,51.51,-0.16095,-1.7178,-0.11353,3.1765
208.5,51.51,-0.16095,-0.79675,0.058803,3.1571
209,51.509,-0.16095,-1.6669,-0.10486,3.1876
209.5,51.509,-0.16095,-0.85705,0.076431,3.1946
210,51.509,-0.16095,-1.6537,-0.063131,3.1669
210.5,51.509,-0.16095,-0.89942,0.13795,3.1208
211,51.509,-0.16095,-1.582,-0.11034,3.2108
211.5,51.509,-0.16095,-0.96944,0.1443,3.103
212,51.509,-0.16095,-1.5508,-0.094801,3.1542
212.5,51.509,-0.16095,-0.9283,0.095844,3.1195
213,51.509,-0.16095,-1.5861,-0.12054,3.1188
213.5,51.509,-0.16095,-0.85174,0.044752,3.2009
214,51.509,-0.16095,-1.6537,-0.066976,3.1191
214.5,51.509,-0.16095,-0.84952,0.087643,3.1566
215,51.509,-0.16095,-1.605,-0.088663,3.1723
215.5,51.509,-0.16095,-0.86679,0.10021,3.1009
216,51.509,-0.16095,-1.6242,-0.11867,3.1607
216.5,51.509,-0.16095,-0.85921,0.068051,3.1693
217,51.509,-0.16095,-1.6104,-0.087491,3.0959
217.5,51.509,-0.16095,-0.90528,0.0843,3.0844
218,51.509,-0.16095,-1.5684,-0.091246,3.1197
218.5,51.509,-0.16095,-0.98047,0.051128,3.1781
219,51.509,-0.16095,-1.5181,-0.065582,3.1146
219.5,51.509,-0.16095,-0.97789,0.083962,3.1639
220,51.509,-0.16095,-1.5029,-0.10062,3.1601
220.5,51.509,-0.16095,-1.0167,0.094917,3.1616
221,51.509,-0.16095,-1.4677,-0.089304,3.1356
221.5,51.509,-0.16095,-1.0238,0.062057,3.1874
222,51.509,-0.16095,-1.5216,-0.041687,3.0786
222.5,51.509,-0.16095,-0.96308,0.071935,3.1451
223,51.509,-0.16095,-1.5345,-0.10186,3.1399
223.5,51.509,-0.16095,-0.96336,0.077096,3.1145
224,51.509,-0.16095,-1.5254,-0.10504,3.1353
224.5,51.509,-0.16095,-0.95789,0.075938,3.1427
225,51.509,-0.16095,-1.5585,-0.073124,3.1035
225.5,51.509,-0.16095,-0.933,0.058078,3.1926
226,51.509,-0.16095,-1.571,-0.085697,3.1477
226.5,51.509,-0.16095,-0.93679,0.070171,3.1935
227,51.509,-0.16095,-1.5749,-0.090646,3.1687
227.5,51.509,-0.16095,-0.7083,0.10531,3.1562
228,51.509,-0.16095,-1.1016,-0.078006,3.1436
228.5,51.509,-0.16095,-0.18404,0.085389,3.17
229,51.509,-0.16095,-0.59656,-0.10082,3.1725
229.5,51.509,-0.16095,0.11486,0.18157,2.8499
230,51.509,-0.16095,-0.52662,0.040035,2.6118
230.5,51.509,-0.16095,0.10008,0.29636,2.3535
231,51.509,-0.16095,-0.40076,0.11789,2.12
231.5,51.509,-0.16095,0.21319,0.39805,1.8757
232,51.509,-0.16095,-0.24683,0.068523,1.5528
232.5,51.509,-0.16094,0.32761,0.43125,1.3389
233,51.509,-0.16094,-0.098699,0.068135,1.0158
233.5,51.509,-0.16094,0.41619,0.31108,0.78025
234,51.509,-0.16094,-0.04394,-0.02243,0.57582
234.5,51.509,-0.16094,0.49984,0.21243,0.2887
235,51.509,-0.16094,-0.017396,-0.17998,-0.04216
235.5,51.509,-0.16094,0.70078,0.14041,0.02351
236,51.509,-0.16094,0.50404,-0.14549,0.05665
236.5,51.509,-0.16094,1.2213,0.13598,0.015847
237,51.509,-0.16094,1.067,-0.14939,-0.00029226
237.5,51.509,-0.16094,1.4948,0.14809,-0.029393
238,51.509,-0.16094,1.016,-0.12766,-0.010964
238.5,51.509,-0.16094,1.5004,0.16733,-0.00053695
239,51.509,-0.16094,0.98956,-0.17018,0.023872
239.5,51.509,-0.16094,1.5258,0.10728,-0.037022
240,51.509,-0.16094,0.96184,-0.18721,-0.056953
240.5,51.509,-0.16094,1.5149,0.13579,-0.061181
241,51.509,-0.16094,0.96041,-0.13719,-0.0014204
241.5,51.509,-0.16094,1.5162,0.17343,0.05684
242,51.509,-0.16094,0.95733,-0.15935,0.015887
242.5,51.509,-0.16094,1.5045,0.16049,-0.019761
243,51.509,-0.16094,0.98449,-0.1356,-0.0029268
243.5,51.509,-0.16094,1.5268,0.13934,0.010937
244,51.509,-0.16094,0.97021,-0.14993,0.0047945
244.5,51.509,-0.16094,1.5803,0.14387,-0.023161
245,51.509,-0.16094,0.88257,-0.15738,-0.018502
245.5,51.509,-0.16094,1.6227,0.14446,0.045173
246,51.509,-0.16094,0.88542,-0.1661,-0.044211
246.5,51.509,-0.16094,1.5756,0.14986,-0.023404
247,51.509,-0.16094,0.91852,-0.13997,0.010127
247.5,51.509,-0.16094,1.5836,0.14197,-0.04063
248,51.509,-0.16094,0.91416,-0.1481,0.0011631
248.5,51.509,-0.16094,1.5367,0.13256,-0.040087
249,51.509,-0.16094,0.93517,-0.17006,-0.043968
249.5,51.509,-0.16094,1.54,0.13809,-0.0095919
250,51.509,-0.16094,0.94171,-0.17706,-0.0092293
250.5,51.509,-0.16094,1.5249,0.11002,-0.040674
251,51.509,-0.16094,0.96973,-0.17958,-0.0074416
251.5,51.509,-0.16094,1.542,0.11856,-0.027839
252,51.509,-0.16094,0.98095,-0.18868,-0.05771
252.5,51.509,-0.16094,1.5336,0.14218,-0.05041
253,51.509,-0.16094,0.96693,-0.15402,-0.0085342
253.5,51.509,-0.16094,1.5063,0.16305,0.0053918
254,51.509,-0.16094,0.95681,-0.18411,-0.025348
254.5,51.509,-0.16094,1.5326,0.14459,0.033256
255,51.509,-0.16094,0.95608,-0.14649,0.07176
255.5,51.51,-0.16094,1.5446,0.1398,0.0533
256,51.51,-0.16094,0.98509,-0.17288,0.0093854
256.5,51.51,-0.16094,1.5444,0.15423,-0.025396
257,51.51,-0.16094,0.97299,-0.15492,-0.028814
257.5,51.51,-0.16094,1.5607,0.18766,0.037882
258,51.51,-0.16094,0.91291,-0.16817,0.027838
258.5,51.51,-0.16094,1.5849,0.12019,-0.044766
259,51.51,-0.16094,0.91693,-0.12216,0.03874
259.5,51.51,-0.16094,1.5649,0.18158,0.072143
260,51.51,-0.16094,0.94718,-0.16197,-0.019392
260.5,51.51,-0.16094,1.5994,0.20308,0.051817
261,51.51,-0.16094,0.87867,-0.10635,0.026437
261.5,51.51,-0.16094,1.7082,0.22754,0.095213
262,51.51,-0.16094,0.79804,-0.10705,0.038861
262.5,51.51,-0.16094,1.7607,0.18949,-0.030621
263,51.51,-0.16094,0.74861,-0.080804,0.048026
263.5,51.51,-0.16094,1.8009,0.18203,-0.028801
264,51.51,-0.16094,0.67126,-0.11098,0.059715
264.5,51.51,-0.16094,1.8265,0.17602,0.012686
265,51.51,-0.16094,0.6349,-0.1632,0.0029919
265.5,51.51,-0.16094,1.8375,0.16998,0.031476
266,51.51,-0.16094,0.58787,-0.15438,-0.013509
266.5,51.51,-0.16094,1.7453,0.18284,0.034617
267,51.51,-0.16094,0.066778,-0.19404,-0.035186
267.5,51.51,-0.16094,1.2394,0.20457,0.057138
268,51.51,-0.16094,-0.49012,-0.1735,0.071036
268.5,51.51,-0.16094,0.98094,0.20712,0.27818
269,51.51,-0.16094,-0.58776,-0.071383,0.5026
269.5,51.51,-0.16094,0.96023,0.35551,0.78795
270,51.51,-0.16093,-0.66693,0.026727,1.0643
270.5,51.51,-0.16093,0.8771,0.44807,1.2658
271,51.51,-0.16093,-0.79285,0.044722,1.5404
271.5,51.51,-0.16093,0.74565,0.46811,1.8453
272,51.51,-0.16093,-0.93748,0.043848,2.0751
272.5,51.51,-0.16093,0.63291,0.40876,2.3213
273,51.51,-0.16092,-1.0327,-0.068712,2.6477
273.5,51.51,-0.16093,0.60766,0.25262,2.8594
274,51.51,-0.16092,-1.0828,-0.18729,3.1427
274.5,51.51,-0.16093,0.34982,0.1974,3.1548
275,51.51,-0.16092,-1.5712,-0.18744,3.1375
275.5,51.51,-0.16093,-0.18288,0.19114,3.1312
276,51.51,-0.16092,-2.0565,-0.21395,3.1897
276.5,51.51,-0.16093,-0.5079,0.19797,3.1336
277,51.51,-0.16092,-2.0838,-0.16333,3.1188
277.5,51.51,-0.16092,-0.49468,0.20431,3.1432
278,51.51,-0.16092,-2.0144,-0.18063,3.1527
278.5,51.51,-0.16092,-0.48094,0.21293,3.1252
279,51.51,-0.16092,-2.0282,-0.17241,3.0754
279.5,51.51,-0.16092,-0.47812,0.20074,3.0826
280,51.51,-0.16092,-2.0199,-0.21172,3.1419
280.5,51.51,-0.16092,-0.48898,0.17193,3.1919
281,51.51,-0.16092,-2.0115,-0.17055,3.133
281.5,51.51,-0.16092,-0.47066,0.18647,3.19
282,51.51,-0.16092,-1.9708,-0.21719,3.2259
282.5,51.51,-0.16092,-0.51785,0.21118,3.1523
283,51.51,-0.16092,-1.9515,-0.1919,3.1523
283.5,51.51,-0.16092,-0.57515,0.20419,3.115
284,51.51,-0.16092,-1.8828,-0.17546,3.1109
284.5,51.51,-0.16092,-0.62801,0.22167,3.0788
285,51.51,-0.16092,-1.9107,-0.15152,3.1086
285.5,51.51,-0.16092,-0.57924,0.25166,3.0742
286,51.51,-0.16092,-1.8842,-0.13081,3.0906
286.5,51.51,-0.16092,-0.64139,0.21189,3.1374
287,51.509,-0.16092,-1.8709,-0.12238,3.0711
287.5,51.509,-0.16092,-0.62907,0.22389,3.1058
288,51.509,-0.16092,-1.8603,-0.16292,3.1392
288.5,51.509,-0.16092,-0.69122,0.24174,3.0449
289,51.509,-0.16092,-1.8386,-0.16929,3.0863
289.5,51.509,-0.16092,-0.67818,0.22481,3.0418
290,51.509,-0.16092,-1.8164,-0.23727,3.1784
290.5,51.509,-0.16092,-0.71456,0.20319,3.1278
291,51.509,-0.16092,-1.8481,-0.18237,3.1291
291.5,51.509,-0.16092,-0.6774,0.18594,3.1622
292,51.509,-0.16092,-1.8138,-0.194,3.1227
292.5,51.509,-0.16092,-0.76259,0.1879,3.1166
293,51.509,-0.16092,-1.7585,-0.20461,3.1269
293.5,51.509,-0.16092,-0.69511,0.1615,3.1501
294,51.509,-0.16092,-1.7936,-0.23294,3.1501
294.5,51.509,-0.16092,-0.67613,0.15723,3.1751
295,51.509,-0.16092,-1.7942,-0.2325,3.1864
295.5,51.509,-0.16092,-0.69489,0.1321,3.232
296,51.509,-0.16092,-1.7716,-0.21064,3.138
296.5,51.509,-0.16092,-0.71383,0.1478,3.2277
297,51.509,-0.16092,-1.8138,-0.14406,3.1227
297.5,51.509,-0.16092,-0.65978,0.18279,3.1674
298,51.509,-0.16092,-1.8064,-0.20404,3.1559
298.5,51.509,-0.16092,-0.72433,0.16284,3.1721
299,51.509,-0.16092,-1.7932,-0.19433,3.1162
299.5,51.509,-0.16092,-0.66787,0.15081,3.1161
300,51.509,-0.16092,-1.7891,-0.25443,3.1486
300.5,51.509,-0.16092,-0.73724,0.14608,3.2154
301,51.509,-0.16092,-1.7997,-0.20378,3.2034
301.5,51.509,-0.16092,-0.65084,0.1767,3.1795
302,51.509,-0.16092,-1.8558,-0.19691,3.1242
302.5,51.509,-0.16092,-0.61951,0.18282,3.1725
303,51.509,-0.16092,-1.8543,-0.18987,3.1659
303.5,51.509,-0.16092,-0.57347,0.19462,3.1367
304,51.509,-0.16092,-1.9147,-0.21372,3.1575
304.5,51.509,-0.16092,-0.58814,0.19796,3.1375
305,51.509,-0.16092,-1.9156,-0.19901,3.1759
305.5,51.509,-0.16092,-0.38963,0.20609,3.152
306,51.509,-0.16092,-1.403,-0.18307,3.1567
306.5,51.509,-0.16092,0.15449,0.17899,3.1478
307,51.509,-0.16092,-0.92349,-0.21346,3.1501
307.5,51.509,-0.16092,0.42883,0.27495,2.8666
308,51.509,-0.16092,-0.84849,-0.078797,2.6005
308.5,51.509,-0.16092,0.49429,0.38829,2.3781
309,51.509,-0.16092,-0.74619,0.013178,2.1292
309.5,51.509,-0.16092,0.56587,0.49614,1.8249
310,51.509,-0.16092,-0.60633,-0.064608,1.5407
310.5,51.509,-0.16092,0.69596,0.55923,1.3181
311,51.509,-0.16091,-0.50302,-0.093325,1.0845
311.5,51.509,-0.16091,0.75219,0.47505,0.80316
312,51.509,-0.16091,-0.37689,-0.16812,0.53378
312.5,51.509,-0.16091,0.83569,0.37862,0.22467
313,51.509,-0.16091,-0.42428,-0.29362,0.0069261
313.5,51.509,-0.16091,1.0847,0.30961,-0.035683
314,51.509,-0.16091,0.08056,-0.30055,-0.034008
314.5,51.509,-0.16091,1.6364,0.33196,0.073117
315,51.509,-0.16091,0.60534,-0.3099,-0.0053361
315.5,51.509,-0.16091,1.8549,0.30337,0.027154
316,51.509,-0.16091,0.63407,-0.26881,0.032391
316.5,51.509,-0.16091,1.8984,0.27399,-0.048718
317,51.509,-0.16091,0.63308,-0.27765,0.011656
317.5,51.509,-0.16091,1.8777,0.33331,0.046878
318,51.509,-0.16091,0.64756,-0.2545,0.1095
318.5,51.509,-0.16091,1.8739,0.2817,0.022318
319,51.509,-0.16091,0.64557,-0.30669,0.016719
319.5,51.509,-0.16091,1.8491,0.28535,0.0042622
320,51.509,-0.16091,0.66521,-0.3008,-0.0050083
320.5,51.509,-0.16091,1.8238,0.30409,0.02373
321,51.509,-0.16091,0.713,-0.33629,-0.060207
321.5,51.509,-0.16091,1.7867,0.31223,0.0317
322,51.509,-0.16091,0.68263,-0.2985,0.015587
322.5,51.509,-0.16091,1.7766,0.2669,-0.02391
323,51.509,-0.16091,0.71504,-0.31921,0.0065533
323.5,51.509,-0.16091,1.7949,0.27385,0.0073588
324,51.509,-0.16091,0.73816,-0.32069,-0.04586
324.5,51.509,-0.16091,1.7369,0.27776,-0.034431
325,51.509,-0.16091,0.77182,-0.33408,-0.016924
325.5,51.509,-0.16091,1.7775,0.276,0.013376
326,51.509,-0.16091,0.74527,-0.2765,0.033062
326.5,51.509,-0.16091,1.786,0.28368,0.020237
327,51.509,-0.16091,0.77431,-0.32566,-0.024177
327.5,51.509,-0.16091,1.7572,0.29717,0.030863
328,51.509,-0.16091,0.74676,-0.31476,0.010572
328.5,51.509,-0.16091,1.7444,0.28999,0.017939
329,51.509,-0.16091,0.73857,-0.31366,0.021311
329.5,51.509,-0.16091,1.7724,0.27005,-0.0026265
330,51.509,-0.16091,0.74665,-0.29878,-0.013694
330.5,51.509,-0.16091,1.7682,0.32201,0.011035
331,51.509,-0.16091,0.72202,-0.27405,0.0038809
331.5,51.509,-0.16091,1.7769,0.33735,0.033744
332,51.509,-0.16091,0.74959,-0.30126,-0.0038144
332.5,51.509,-0.16091,1.7291,0.30931,0.0092771
333,51.509,-0.16091,0.77393,-0.32674,-0.021057
333.5,51.51,-0.16091,1.7521,0.30597,0.0168
334,51.51,-0.16091,0.74709,-0.3088,-0.02433
334.5,51.51,-0.16091,1.7236,0.27839,-0.031949
335,51.51,-0.16091,0.79019,-0.29864,-0.024036
335.5,51.51,-0.16091,1.717,0.31669,0.014587
336,51.51,-0.16091,0.76118,-0.29727,3.1605e-05
336.5,51.51,-0.16091,1.7179,0.3054,-0.029403
337,51.51,-0.16091,0.776,-0.2989,-0.032509
337.5,51.51,-0.16091,1.7786,0.29018,-0.0040633
338,51.51,-0.16091,0.70668,-0.29592,-0.035552
338.5,51.51,-0.16091,1.7964,0.28783,-0.03042
339,51.51,-0.16091,0.71875,-0.25276,0.0793
339.5,51.51,-0.16091,1.7588,0.2767,0.0062793
340,51.51,-0.16091,0.70431,-0.34274,-0.073167
340.5,51.51,-0.16091,1.8204,0.30788,-0.0071974
341,51.51,-0.16091,0.68841,-0.27158,-0.0020124
341.5,51.51,-0.16091,1.7911,0.28665,-0.04739
342,51.51,-0.16091,0.74095,-0.30289,-0.02972
342.5,51.51,-0.16091,1.823,0.30295,0.02481
343,51.51,-0.16091,0.67148,-0.31648,-0.038624
343.5,51.51,-0.16091,1.8017,0.30918,0.0015512
344,51.51,-0.16091,0.66618,-0.35614,-0.074098
344.5,51.51,-0.16091,1.5374,0.28576,-0.031406
345,51.51,-0.16091,0.23101,-0.29569,-0.057218
345.5,51.51,-0.16091,0.98785,0.32388,0.0017782
346,51.51,-0.16091,-0.23897,-0.29799,-0.037456
346.5,51.51,-0.16091,0.64556,0.38657,0.28345
347,51.51,-0.16091,-0.31024,-0.19415,0.54384
347.5,51.51,-0.16091,0.63938,0.45826,0.70283
348,51.51,-0.16091,-0.36734,-0.11483,0.96827
348.5,51.51,-0.16091,0.54183,0.52109,1.3176
349,51.51,-0.1609,-0.48723,-0.080969,1.593
349.5,51.51,-0.16091,0.43495,0.54419,1.836
350,51.51,-0.1609,-0.57738,-0.1323,2.0578
350.5,51.51,-0.1609,0.31096,0.50749,2.3091
351,51.51,-0.1609,-0.65981,-0.24435,2.6641
351.5,51.51,-0.1609,0.18711,0.43122,2.881
352,51.51,-0.1609,-0.64814,-0.38299,3.1585
352.5,51.51,-0.1609,-0.10242,0.36025,3.1965
353,51.51,-0.1609,-1.1555,-0.40512,3.1611
353.5,51.51,-0.1609,-0.63583,0.35493,3.1649
354,51.51,-0.1609,-1.5802,-0.43104,3.2127
354.5,51.51,-0.1609,-1.0081,0.39523,3.1269
355,51.51,-0.1609,-1.4807,-0.38188,3.1499
355.5,51.51,-0.1609,-1.0416,0.35816,3.1824
356,51.51,-0.1609,-1.4741,-0.37315,3.1627
356.5,51.51,-0.1609,-0.9856,0.37035,3.1218
357,51.51,-0.1609,-1.5376,-0.37541,3.1239
357.5,51.51,-0.1609,-0.99865,0.36588,3.1811
358,51.51,-0.1609,-1.5295,-0.32675,3.1259
358.5,51.51,-0.1609,-1.0345,0.40172,3.148
359,51.51,-0.1609,-1.4629,-0.36244,3.176
359.5,51.51,-0.1609,-1.1071,0.38187,3.1816
360,51.51,-0.1609,-1.4319,-0.35612,3.1488
360.5,51.51,-0.1609,-1.098,0.34375,3.2262
361,51.51,-0.1609,-1.3909,-0.36083,3.1467
361.5,51.51,-0.1609,-1.1012,0.36153,3.1467
362,51.51,-0.1609,-1.4056,-0.37961,3.1707
362.5,51.51,-0.1609,-1.126,0.36224,3.1708
363,51.51,-0.1609,-1.3655,-0.34731,3.1307
363.5,51.51,-0.1609,-1.1147,0.36012,3.1733
364,51.51,-0.1609,-1.4104,-0.35538,3.1195
364.5,51.51,-0.1609,-1.0288,0.36312,3.1566
365,51.509,-0.1609,-1.4787,-0.357,3.1594
365.5,51.509,-0.1609,-1.0516,0.36804,3.1605
366,51.509,-0.1609,-1.4801,-0.36436,3.1552
366.5,51.509,-0.1609,-1.0635,0.40484,3.0747
367,51.509,-0.1609,-1.4601,-0.36682,3.118
367.5,51.509,-0.1609,-1.0237,0.38982,3.145
368,51.509,-0.1609,-1.5194,-0.33823,3.1036
368.5,51.509,-0.1609,-0.97046,0.38137,3.0769
369,51.509,-0.1609,-1.5474,-0.40226,3.1384
369.5,51.509,-0.1609,-0.9599,0.36114,3.1763
370,51.509,-0.1609,-1.5375,-0.36299,3.1817
370.5,51.509,-0.1609,-0.95399,0.36402,3.1883
371,51.509,-0.1609,-1.5053,-0.35919,3.1765
371.5,51.509,-0.1609,-0.96416,0.34531,3.1845
372,51.509,-0.1609,-1.5151,-0.35958,3.1679
372.5,51.509,-0.1609,-0.96355,0.36127,3.1297
373,51.509,-0.1609,-1.545,-0.35897,3.1436
373.5,51.509,-0.1609,-0.97005,0.39652,3.1243
374,51.509,-0.1609,-1.4758,-0.34901,3.158
374.5,51.509,-0.1609,-1.0347,0.4041,3.1102
375,51.509,-0.1609,-1.4654,-0.33433,3.1129
375.5,51.509,-0.1609,-1.0287,0.38791,3.0925
376,51.509,-0.1609,-1.5248,-0.3508,3.1329
376.5,51.509,-0.1609,-1.0011,0.35943,3.22
377,51.509,-0.1609,-1.4777,-0.34044,3.1205
377.5,51.509,-0.1609,-1.0415,0.35799,3.1733
378,51.509,-0.1609,-1.4264,-0.35815,3.1775
378.5,51.509,-0.1609,-1.0777,0.39628,3.1271
379,51.509,-0.1609,-1.4195,-0.34724,3.129
379.5,51.509,-0.1609,-1.1012,0.32108,3.176
380,51.509,-0.1609,-1.4311,-0.38791,3.1589
380.5,51.509,-0.1609,-1.03,0.31704,3.2071
381,51.509,-0.1609,-1.5064,-0.39528,3.1726
381.5,51.509,-0.1609,-0.95758,0.38515,3.0852
382,51.509,-0.1609,-1.5092,-0.4123,3.1559
382.5,51.509,-0.1609,-1.0435,0.35444,3.147
383,51.509,-0.1609,-1.4242,-0.39256,3.1222
383.5,51.509,-0.1609,-0.85412,0.36739,3.1106
384,51.509,-0.1609,-0.95834,-0.37003,3.1473
384.5,51.509,-0.1609,-0.27291,0.36643,3.1238
385,51.509,-0.1609,-0.51741,-0.38167,3.1239
385.5,51.509,-0.1609,0.047563,0.4364,2.7843
386,51.509,-0.1609,-0.54211,-0.2191,2.5369
386.5,51.509,-0.1609,0.13958,0.51516,2.3781
387,51.509,-0.16089,-0.39632,-0.16308,2.0659
387.5,51.509,-0.1609,0.22754,0.64309,1.8417
388,51.509,-0.16089,-0.27913,-0.12347,1.5469
388.5,51.509,-0.16089,0.35295,0.64106,1.3043
389,51.509,-0.16089,-0.16186,-0.16725,1.0409
389.5,51.509,-0.16089,0.47091,0.55694,0.83139
390,51.509,-0.16089,-0.10056,-0.27944,0.54104
390.5,51.509,-0.16089,0.5327,0.46985,0.29098
391,51.509,-0.16088,-0.046959,-0.43068,-0.079344
391.5,51.509,-0.16089,0.76878,0.40669,-0.04905
392,51.509,-0.16088,0.47643,-0.39423,-0.048605
392.5,51.509,-0.16089,1.2418,0.41464,-0.011806
393,51.509,-0.16088,0.99756,-0.41593,0.016018
393.5,51.509,-0.16089,1.5673,0.38889,-0.027049
394,51.509,-0.16088,1.0084,-0.44143,-0.0255
394.5,51.509,-0.16089,1.4909,0.36199,-0.0070225
395,51.509,-0.16089,1.0575,-0.43285,-0.012613
395.5,51.509,-0.16089,1.4331,0.39236,-0.073214
396,51.509,-0.16089,1.0154,-0.44775,-0.10314
396.5,51.509,-0.16089,1.4456,0.41661,-0.026455
397,51.509,-0.16089,1.0499,-0.44158,-0.034351
397.5,51.509,-0.16089,1.4211,0.39477,0.0060414
398,51.509,-0.16089,1.0295,-0.44096,-0.027652
398.5,51.509,-0.16089,1.4572,0.39351,-0.028411
399,51.509,-0.16089,1.0837,-0.45563,-0.062675
399.5,51.509,-0.16089,1.4489,0.41745,1.0763e-05
400,51.509,-0.16089,1.0218,-0.38583,-0.00293
400.5,51.509,-0.16089,1.4644,0.40874,0.0042491
401,51.509,-0.16089,1.0013,-0.37931,0.050908
401.5,51.509,-0.16089,1.4722,0.37966,-0.059922
402,51.509,-0.16089,1,-0.40337,0.04143
402.5,51.509,-0.16089,1.5308,0.36401,-0.012161
403,51.509,-0.16089,0.93999,-0.46696,-0.032204
403.5,51.509,-0.16089,1.5561,0.36903,0.018818
404,51.509,-0.16089,0.94789,-0.49118,-0.075622
404.5,51.509,-0.16089,1.5562,0.38156,-0.024111
405,51.509,-0.16089,0.91855,-0.40603,0.0074231
405.5,51.509,-0.16089,1.5197,0.39515,0.0075756
406,51.509,-0.16089,0.96525,-0.39288,0.050288
406.5,51.509,-0.16089,1.5303,0.39358,-0.012791
407,51.509,-0.16089,0.96089,-0.43784,-0.064818
407.5,51.509,-0.16089,1.475,0.42853,0.024192
408,51.509,-0.16089,1.0574,-0.42068,-0.016588
408.5,51.509,-0.16089,1.4448,0.44123,0.019858
409,51.509,-0.16089,1.0827,-0.41464,-0.02044
409.5,51.509,-0.16089,1.398,0.41986,-0.048278
410,51.509,-0.16089,1.0841,-0.39889,-0.014846
410.5,51.509,-0.16089,1.4124,0.44993,0.033893
411,51.509,-0.16089,1.0607,-0.3721,0.076189
411.5,51.51,-0.16089,1.438,0.4048,-0.041531
412,51.51,-0.16089,1.0909,-0.41368,-0.0519
412.5,51.51,-0.16089,1.4149,0.44847,-0.0052462
413,51.51,-0.16089,1.0522,-0.35936,0.059029
413.5,51.51,-0.16089,1.4151,0.4067,-0.0032301
414,51.51,-0.16089,1.1417,-0.40623,0.0039027
414.5,51.51,-0.16089,1.2799,0.3909,-0.029181
415,51.51,-0.16089,1.2033,-0.41182,0.03106
415.5,51.51,-0.16089,1.2513,0.39886,0.022677
416,51.51,-0.16089,1.2407,-0.45201,-0.0033747
416.5,51.51,-0.16089,1.23,0.40824,-0.033132
417,51.51,-0.16089,1.2029,-0.42271,0.0069152
417.5,51.51,-0.16089,1.2839,0.35607,-0.042032
418,51.51,-0.16089,1.2216,-0.46186,-0.093006
418.5,51.51,-0.16089,1.2464,0.4335,0.038048
419,51.51,-0.16089,1.2431,-0.44952,-0.081366
419.5,51.51,-0.16089,1.2041,0.43442,-0.014829
420,51.51,-0.16089,1.2807,-0.41337,0.024863
420.5,51.51,-0.16089,1.1828,0.42157,0.0057025
421,51.51,-0.16089,1.3052,-0.40815,-0.013267
421.5,51.51,-0.16089,1.1674,0.41283,-0.081354
422,51.51,-0.16089,1.3235,-0.40161,-0.0099146
422.5,51.51,-0.16089,0.95715,0.42653,-0.011768
423,51.51,-0.16089,0.77608,-0.42695,-0.030531
423.5,51.51,-0.16089,0.48053,0.42504,0.035999
424,51.51,-0.16089,0.28393,-0.42916,-0.070956
424.5,51.51,-0.16089,0.11062,0.42705,-0.05538
425,51.51,-0.16089,-0.010807,-0.42971,0.025774
